Estrategia,Acc,Tempo
GS,214.26656079292297,0.944
RS,217.910808801651,0.944
BO,102.90101790428162,0.943
CV,1264.9817118644714,0.944
SH,186.1925458908081,0.9406
