Estrategia,Acc,Tempo
GS,450.6815507411957,0.8092
RS,28.29517102241516,0.8068
BO,57.93624305725098,0.7988
CV,3054.4797739982605,0.8102
SH,1324.8593094348907,0.8044
