Estrategia,Acc,Tempo
GS,387.6314780712128,0.9358
RS,169.34811973571777,0.9346
BO,925.5307278633118,0.977
CV,3922.8907401561737,0.9358
SH,246.06508016586304,0.9358
