Estrategia,Acc,Tempo
GS,8.218858003616333,0.6504
RS,2.6331536769866943,0.6504
CV,27.826146602630615,0.7966
BO,11.992321014404297,0.2406
SH,11.407438278198242,0.7968

