Estrategia,Acc,Tempo
GS,198.9955439567566,0.9396
RS,204.9550173282624,0.9364
BO,86.6135892868042,0.938
CV,1227.7544906139374,0.9396
SH,164.62182211875916,0.9364
