Estrategia,Acc,Tempo
GS,4942.655820608139,0.9148
RS,2837.7709963321686,0.9232
BO,955.235684633255,0.9314
CV,41021.92136311531,0.9186
SH,4844.608091831207,0.9236
