Estrategia,Acc,Tempo
GS,450.1767122745514,0.805
RS,29.84930849075317,0.8046
BO,52.10906624794006,0.8044
CV,3045.787264585495,0.8108
SH,1322.9224607944489,0.8032
