Estrategia,Acc,Tempo
GS,387.6352491378784,0.93
RS,180.5100221633911,0.9278
BO,1036.253048658371,0.9784
CV,3916.143435239792,0.93
SH,246.60339212417603,0.93
